,number_of_nodes,number_of_edges,density,transitivity,network_is_connected,network_diameter_of_largest_component,modularity_score,number_of_modules,number_of_peripheral_node,number_of_connector_node,number_of_module_hub_node,number_of_network_hub_node
1C,114.0,416.0,0.06458624437199192,0.6119700748129676,False,11.0,0.5990286381286981,8.0,33.0,80.0,0.0,1.0
1G,72.0,218.0,0.08528951486697965,0.6860986547085202,False,6.0,0.49987374800101,11.0,25.0,47.0,0.0,0.0
1M,84.0,257.0,0.07372346528973035,0.8334071776694727,False,12.0,0.6573831549304305,12.0,22.0,62.0,0.0,0.0
2C,118.0,844.0,0.12226568158771549,0.6650647722524028,True,7.0,0.4888451517261517,6.0,52.0,66.0,0.0,0.0
2G,121.0,454.0,0.06253443526170799,0.7021432050657574,True,13.0,0.7456456558442819,7.0,39.0,82.0,0.0,0.0
2M,127.0,868.0,0.1084864391951006,0.7996925948290059,False,12.0,0.5460862674934697,11.0,45.0,82.0,0.0,0.0
3G,100.0,238.0,0.04808080808080808,0.512982900569981,False,10.0,0.6305963561895345,14.0,21.0,79.0,0.0,0.0
3M,104.0,313.0,0.05843913368185213,0.6334242306194001,False,11.0,0.6569884351172309,11.0,26.0,78.0,0.0,0.0
